{"name":"BM_2024-10-29_21_51_54_Pg2cQAJCSLe6iyU9.zip","date":"2024-10-29 21:51:54","files":7281,"bytes":100893433,"cron":false,"total_queries":412,"manifest":"2024-10-29 21:52:09","millis_start":1730238714.3783929347991943359375,"millis_end":1730238729.6140720844268798828125,"version":"1.4.6","domain":"nationsoundmetal.rf.gd","dbdomain":"http:\/\/nationsoundmetal.rf.gd","uid":1,"source_query_output":2000,"db_backup_engine":"v4","multisite":false,"config":{"ABSPATH":"\/home\/vol15_8\/infinityfree.com\/if0_36828142\/nationsoundmetal.rf.gd\/htdocs\/","DB_NAME":"if0_36828142_wp570","DB_USER":"36828142_2","DB_PASSWORD":"62pN(4!S6G","DB_HOST":"sql304.byetcluster.com","DB_CHARSET":"utf8mb4","DB_COLLATE":"","AUTH_KEY":"3w8ifypeff5ezxjelwu3rlf1gytdlw35slscsv3pi8rjn6dtp7n5isxvtxjkcoxx","SECURE_AUTH_KEY":"w0xhbvlcqwfcghyzxqisnlqwiurogo78suivtxgz1ntnrguzeqsyj0aq9jv0quyt","LOGGED_IN_KEY":"5bmdjykbypahqzly9fecpzqeudz64atdbpuatypgnyl8q9dpga1i5wjfz5non3e3","NONCE_KEY":"cqqaybt1v1dplyhzg9sevigp07bi3g2pai6mvkwdjpz2vpku3mweeeg37djl5ing","AUTH_SALT":"9faaaqgd4w2vub4cf4kohivewnzfhlgv03xsvmjimumrguwadnns9jj2g1a2dhsf","SECURE_AUTH_SALT":"ste80gbynznyjk6kyp6isliczbqya6ax54mzyue0qmr2op8ov9lfihmics5ui382","LOGGED_IN_SALT":"wo7twv5pcplo9cbzhtjgejg2cu9nlzuy9ipjkqlhuxyva0jeas9illrfkvdx7kih","NONCE_SALT":"fh2a5bl6sejhiuce9woybzvaisfgz2qrzppqjyk2su6zuyqyulfxadcyycg3itvk","WP_DEBUG_LOG":false,"WP_CONTENT_URL":"http:\/\/nationsoundmetal.rf.gd\/wp-content","WP_CONTENT_DIR":"\/home\/vol15_8\/infinityfree.com\/if0_36828142\/nationsoundmetal.rf.gd\/htdocs\/wp-content\/","table_prefix":"wp_"}}